{
  "algorithm": "kmeans",
  "k": 3,
  "n_rows": 210,
  "n_features": 7,
  "inertia": 430.81688733513704,
  "silhouette": 0.40290797364141284,
  "adjusted_rand_vs_label": 0.8111586353824746
}